Edwin,Ryan
Sarah,Smith
Lucy,Andrews
Alisa,Henderson
Honey,Scott
Cherry,Fowler
Sam,Barrett
Elise,Phillips
Brad,Douglas
Daniel,Mitchell
Tyler,Morgan
Gianna,Morgan
Abigail,Walker
Kellan,Stewart
Jacob,Evans
James,Stevens
Alfred,Payne
Ned,Riley
Alisa,Murphy
Charlotte,Ross
Aldus,Turner
Reid,Rogers
Oliver,Spencer
Tiana,Phillips
Reid,Richards
Daryl,Baker
Mike,Bailey
Tara,Phillips
Owen,Fowler
Camila,Gray
Adele,Stevens
Roman,Montgomery
Jenna,Farrell
Fiona,Kelly
Spike,Williams
Alford,Harris
Lucy,Murray
Maya,Watson
David,Sullivan
David,Williams
Chester,Fowler
Lily,Wilson
Alen,Morgan
Max,Riley
Samantha,Crawford
Alberta,Russell
Alexander,Moore
Natalie,Andrews
Lenny,Warren
Reid,Harper
